101,Bela,Bugar,172
101,Zuzana,Caputova,16616
101,Martin,Dano,64
101,Stefan,Harabin,1999
101,Eduard,Chmelar,540
101,Marian,Kotleba,545
101,Milan,Krajniak,382
101,Jozsef,Menyhart,2
101,Frantisek,Miklosko,1636
101,Robert,Mistrik,13
101,Maros,Sefcovic,2748
101,Robert,Svec,26
101,Bohumila,Tauchmannova,36
101,Juraj,Zabojnik,29
101,Ivan,Zuzula,28
102,Bela,Bugar,800
102,Zuzana,Caputova,36930
102,Martin,Dano,255
102,Stefan,Harabin,5753
102,Eduard,Chmelar,1467
102,Marian,Kotleba,2165
102,Milan,Krajniak,990
102,Jozsef,Menyhart,10
102,Frantisek,Miklosko,2840
102,Robert,Mistrik,38
102,Maros,Sefcovic,8029
102,Robert,Svec,75
102,Bohumila,Tauchmannova,72
102,Juraj,Zabojnik,116
102,Ivan,Zuzula,99
103,Bela,Bugar,326
103,Zuzana,Caputova,22555
103,Martin,Dano,147
103,Stefan,Harabin,3480
103,Eduard,Chmelar,974
103,Marian,Kotleba,1213
103,Milan,Krajniak,550
103,Jozsef,Menyhart,3
103,Frantisek,Miklosko,1776
103,Robert,Mistrik,40
103,Maros,Sefcovic,4901
103,Robert,Svec,44
103,Bohumila,Tauchmannova,57
103,Juraj,Zabojnik,91
103,Ivan,Zuzula,45
104,Bela,Bugar,407
104,Zuzana,Caputova,31622
104,Martin,Dano,188
104,Stefan,Harabin,5201
104,Eduard,Chmelar,1408
104,Marian,Kotleba,2041
104,Milan,Krajniak,854
104,Jozsef,Menyhart,7
104,Frantisek,Miklosko,2713
104,Robert,Mistrik,46
104,Maros,Sefcovic,7505
104,Robert,Svec,82
104,Bohumila,Tauchmannova,80
104,Juraj,Zabojnik,213
104,Ivan,Zuzula,102
105,Bela,Bugar,630
105,Zuzana,Caputova,34576
105,Martin,Dano,259
105,Stefan,Harabin,6241
105,Eduard,Chmelar,1610
105,Marian,Kotleba,2541
105,Milan,Krajniak,1074
105,Jozsef,Menyhart,3
105,Frantisek,Miklosko,2851
105,Robert,Mistrik,39
105,Maros,Sefcovic,7892
105,Robert,Svec,99
105,Bohumila,Tauchmannova,75
105,Juraj,Zabojnik,145
105,Ivan,Zuzula,112
106,Bela,Bugar,285
106,Zuzana,Caputova,15864
106,Martin,Dano,134
106,Stefan,Harabin,3794
106,Eduard,Chmelar,847
106,Marian,Kotleba,2966
106,Milan,Krajniak,821
106,Jozsef,Menyhart,5
106,Frantisek,Miklosko,1135
106,Robert,Mistrik,44
106,Maros,Sefcovic,5231
106,Robert,Svec,71
106,Bohumila,Tauchmannova,41
106,Juraj,Zabojnik,116
106,Ivan,Zuzula,71
107,Bela,Bugar,178
107,Zuzana,Caputova,19301
107,Martin,Dano,104
107,Stefan,Harabin,3821
107,Eduard,Chmelar,1116
107,Marian,Kotleba,2112
107,Milan,Krajniak,563
107,Jozsef,Menyhart,2
107,Frantisek,Miklosko,1456
107,Robert,Mistrik,38
107,Maros,Sefcovic,4589
107,Robert,Svec,78
107,Bohumila,Tauchmannova,48
107,Juraj,Zabojnik,51
107,Ivan,Zuzula,51
108,Bela,Bugar,1332
108,Zuzana,Caputova,23899
108,Martin,Dano,189
108,Stefan,Harabin,4236
108,Eduard,Chmelar,1138
108,Marian,Kotleba,2130
108,Milan,Krajniak,979
108,Jozsef,Menyhart,13
108,Frantisek,Miklosko,2136
108,Robert,Mistrik,44
108,Maros,Sefcovic,4929
108,Robert,Svec,67
108,Bohumila,Tauchmannova,76
108,Juraj,Zabojnik,96
108,Ivan,Zuzula,68
201,Bela,Bugar,8677
201,Zuzana,Caputova,18758
201,Martin,Dano,130
201,Stefan,Harabin,2029
201,Eduard,Chmelar,372
201,Marian,Kotleba,914
201,Milan,Krajniak,500
201,Jozsef,Menyhart,190
201,Frantisek,Miklosko,713
201,Robert,Mistrik,44
201,Maros,Sefcovic,1846
201,Robert,Svec,35
201,Bohumila,Tauchmannova,43
201,Juraj,Zabojnik,64
201,Ivan,Zuzula,41
202,Bela,Bugar,3594
202,Zuzana,Caputova,15340
202,Martin,Dano,178
202,Stefan,Harabin,3824
202,Eduard,Chmelar,1390
202,Marian,Kotleba,2773
202,Milan,Krajniak,962
202,Jozsef,Menyhart,56
202,Frantisek,Miklosko,1090
202,Robert,Mistrik,50
202,Maros,Sefcovic,4758
202,Robert,Svec,98
202,Bohumila,Tauchmannova,44
202,Juraj,Zabojnik,70
202,Ivan,Zuzula,43
204,Bela,Bugar,261
204,Zuzana,Caputova,12173
204,Martin,Dano,146
204,Stefan,Harabin,3883
204,Eduard,Chmelar,878
204,Marian,Kotleba,3155
204,Milan,Krajniak,579
204,Jozsef,Menyhart,6
204,Frantisek,Miklosko,1636
204,Robert,Mistrik,34
204,Maros,Sefcovic,5213
204,Robert,Svec,83
204,Bohumila,Tauchmannova,48
204,Juraj,Zabojnik,66
204,Ivan,Zuzula,79
205,Bela,Bugar,226
205,Zuzana,Caputova,10944
205,Martin,Dano,108
205,Stefan,Harabin,2739
205,Eduard,Chmelar,669
205,Marian,Kotleba,3055
205,Milan,Krajniak,724
205,Jozsef,Menyhart,2
205,Frantisek,Miklosko,1052
205,Robert,Mistrik,40
205,Maros,Sefcovic,4984
205,Robert,Svec,67
205,Bohumila,Tauchmannova,41
205,Juraj,Zabojnik,60
205,Ivan,Zuzula,73
206,Bela,Bugar,195
206,Zuzana,Caputova,9566
206,Martin,Dano,91
206,Stefan,Harabin,1955
206,Eduard,Chmelar,439
206,Marian,Kotleba,2588
206,Milan,Krajniak,633
206,Jozsef,Menyhart,0
206,Frantisek,Miklosko,889
206,Robert,Mistrik,44
206,Maros,Sefcovic,3231
206,Robert,Svec,55
206,Bohumila,Tauchmannova,29
206,Juraj,Zabojnik,63
206,Ivan,Zuzula,39
203,Bela,Bugar,163
203,Zuzana,Caputova,6844
203,Martin,Dano,102
203,Stefan,Harabin,3163
203,Eduard,Chmelar,555
203,Marian,Kotleba,2295
203,Milan,Krajniak,522
203,Jozsef,Menyhart,2
203,Frantisek,Miklosko,1038
203,Robert,Mistrik,30
203,Maros,Sefcovic,3951
203,Robert,Svec,139
203,Bohumila,Tauchmannova,25
203,Juraj,Zabojnik,46
203,Ivan,Zuzula,41
207,Bela,Bugar,451
207,Zuzana,Caputova,25673
207,Martin,Dano,279
207,Stefan,Harabin,8660
207,Eduard,Chmelar,1703
207,Marian,Kotleba,5389
207,Milan,Krajniak,1530
207,Jozsef,Menyhart,6
207,Frantisek,Miklosko,3497
207,Robert,Mistrik,66
207,Maros,Sefcovic,10962
207,Robert,Svec,194
207,Bohumila,Tauchmannova,78
207,Juraj,Zabojnik,121
207,Ivan,Zuzula,89
301,Bela,Bugar,196
301,Zuzana,Caputova,4811
301,Martin,Dano,81
301,Stefan,Harabin,2469
301,Eduard,Chmelar,518
301,Marian,Kotleba,2425
301,Milan,Krajniak,454
301,Jozsef,Menyhart,3
301,Frantisek,Miklosko,765
301,Robert,Mistrik,20
301,Maros,Sefcovic,4109
301,Robert,Svec,55
301,Bohumila,Tauchmannova,28
301,Juraj,Zabojnik,54
301,Ivan,Zuzula,31
303,Bela,Bugar,95
303,Zuzana,Caputova,5366
303,Martin,Dano,78
303,Stefan,Harabin,1283
303,Eduard,Chmelar,347
303,Marian,Kotleba,999
303,Milan,Krajniak,237
303,Jozsef,Menyhart,4
303,Frantisek,Miklosko,174
303,Robert,Mistrik,15
303,Maros,Sefcovic,2583
303,Robert,Svec,43
303,Bohumila,Tauchmannova,17
303,Juraj,Zabojnik,56
303,Ivan,Zuzula,26
304,Bela,Bugar,287
304,Zuzana,Caputova,11148
304,Martin,Dano,138
304,Stefan,Harabin,3852
304,Eduard,Chmelar,841
304,Marian,Kotleba,3238
304,Milan,Krajniak,702
304,Jozsef,Menyhart,4
304,Frantisek,Miklosko,1208
304,Robert,Mistrik,50
304,Maros,Sefcovic,5877
304,Robert,Svec,96
304,Bohumila,Tauchmannova,41
304,Juraj,Zabojnik,78
304,Ivan,Zuzula,50
306,Bela,Bugar,310
306,Zuzana,Caputova,8620
306,Martin,Dano,133
306,Stefan,Harabin,4746
306,Eduard,Chmelar,928
306,Marian,Kotleba,4028
306,Milan,Krajniak,803
306,Jozsef,Menyhart,1
306,Frantisek,Miklosko,1351
306,Robert,Mistrik,40
306,Maros,Sefcovic,5794
306,Robert,Svec,92
306,Bohumila,Tauchmannova,32
306,Juraj,Zabojnik,111
306,Ivan,Zuzula,51
308,Bela,Bugar,262
308,Zuzana,Caputova,6304
308,Martin,Dano,108
308,Stefan,Harabin,3181
308,Eduard,Chmelar,671
308,Marian,Kotleba,2371
308,Milan,Krajniak,491
308,Jozsef,Menyhart,3
308,Frantisek,Miklosko,997
308,Robert,Mistrik,37
308,Maros,Sefcovic,4547
308,Robert,Svec,70
308,Bohumila,Tauchmannova,33
308,Juraj,Zabojnik,44
308,Ivan,Zuzula,33
305,Bela,Bugar,213
305,Zuzana,Caputova,6179
305,Martin,Dano,81
305,Stefan,Harabin,3169
305,Eduard,Chmelar,599
305,Marian,Kotleba,2378
305,Milan,Krajniak,547
305,Jozsef,Menyhart,7
305,Frantisek,Miklosko,1088
305,Robert,Mistrik,38
305,Maros,Sefcovic,4700
305,Robert,Svec,102
305,Bohumila,Tauchmannova,33
305,Juraj,Zabojnik,105
305,Ivan,Zuzula,31
307,Bela,Bugar,624
307,Zuzana,Caputova,20966
307,Martin,Dano,384
307,Stefan,Harabin,9326
307,Eduard,Chmelar,1743
307,Marian,Kotleba,7395
307,Milan,Krajniak,1795
307,Jozsef,Menyhart,9
307,Frantisek,Miklosko,1959
307,Robert,Mistrik,108
307,Maros,Sefcovic,13698
307,Robert,Svec,156
307,Bohumila,Tauchmannova,88
307,Juraj,Zabojnik,882
307,Ivan,Zuzula,78
302,Bela,Bugar,307
302,Zuzana,Caputova,8528
302,Martin,Dano,132
302,Stefan,Harabin,5039
302,Eduard,Chmelar,929
302,Marian,Kotleba,2616
302,Milan,Krajniak,658
302,Jozsef,Menyhart,5
302,Frantisek,Miklosko,1339
302,Robert,Mistrik,44
302,Maros,Sefcovic,6014
302,Robert,Svec,81
302,Bohumila,Tauchmannova,52
302,Juraj,Zabojnik,47
302,Ivan,Zuzula,44
309,Bela,Bugar,560
309,Zuzana,Caputova,22017
309,Martin,Dano,233
309,Stefan,Harabin,7811
309,Eduard,Chmelar,1717
309,Marian,Kotleba,4511
309,Milan,Krajniak,1254
309,Jozsef,Menyhart,5
309,Frantisek,Miklosko,3015
309,Robert,Mistrik,88
309,Maros,Sefcovic,10685
309,Robert,Svec,166
309,Bohumila,Tauchmannova,65
309,Juraj,Zabojnik,139
309,Ivan,Zuzula,89
401,Bela,Bugar,5159
401,Zuzana,Caputova,11254
401,Martin,Dano,95
401,Stefan,Harabin,1648
401,Eduard,Chmelar,347
401,Marian,Kotleba,1159
401,Milan,Krajniak,496
401,Jozsef,Menyhart,150
401,Frantisek,Miklosko,586
401,Robert,Mistrik,33
401,Maros,Sefcovic,2361
401,Robert,Svec,60
401,Bohumila,Tauchmannova,20
401,Juraj,Zabojnik,53
401,Ivan,Zuzula,44
402,Bela,Bugar,3384
402,Zuzana,Caputova,16512
402,Martin,Dano,225
402,Stefan,Harabin,4903
402,Eduard,Chmelar,980
402,Marian,Kotleba,4245
402,Milan,Krajniak,1335
402,Jozsef,Menyhart,64
402,Frantisek,Miklosko,1501
402,Robert,Mistrik,74
402,Maros,Sefcovic,7221
402,Robert,Svec,133
402,Bohumila,Tauchmannova,59
402,Juraj,Zabojnik,68
402,Ivan,Zuzula,60
403,Bela,Bugar,1899
403,Zuzana,Caputova,27796
403,Martin,Dano,364
403,Stefan,Harabin,10096
403,Eduard,Chmelar,2358
403,Marian,Kotleba,6771
403,Milan,Krajniak,1730
403,Jozsef,Menyhart,28
403,Frantisek,Miklosko,3416
403,Robert,Mistrik,108
403,Maros,Sefcovic,14227
403,Robert,Svec,507
403,Bohumila,Tauchmannova,90
403,Juraj,Zabojnik,189
403,Ivan,Zuzula,90
407,Bela,Bugar,251
407,Zuzana,Caputova,5331
407,Martin,Dano,86
407,Stefan,Harabin,3197
407,Eduard,Chmelar,450
407,Marian,Kotleba,2246
407,Milan,Krajniak,536
407,Jozsef,Menyhart,2
407,Frantisek,Miklosko,1070
407,Robert,Mistrik,32
407,Maros,Sefcovic,4420
407,Robert,Svec,95
407,Bohumila,Tauchmannova,21
407,Juraj,Zabojnik,68
407,Ivan,Zuzula,38
404,Bela,Bugar,5231
404,Zuzana,Caputova,18684
404,Martin,Dano,289
404,Stefan,Harabin,5908
404,Eduard,Chmelar,1139
404,Marian,Kotleba,4475
404,Milan,Krajniak,1311
404,Jozsef,Menyhart,103
404,Frantisek,Miklosko,1564
404,Robert,Mistrik,89
404,Maros,Sefcovic,8263
404,Robert,Svec,145
404,Bohumila,Tauchmannova,57
404,Juraj,Zabojnik,79
404,Ivan,Zuzula,58
405,Bela,Bugar,1572
405,Zuzana,Caputova,8722
405,Martin,Dano,102
405,Stefan,Harabin,1571
405,Eduard,Chmelar,527
405,Marian,Kotleba,1301
405,Milan,Krajniak,464
405,Jozsef,Menyhart,25
405,Frantisek,Miklosko,596
405,Robert,Mistrik,25
405,Maros,Sefcovic,2471
405,Robert,Svec,57
405,Bohumila,Tauchmannova,16
405,Juraj,Zabojnik,50
405,Ivan,Zuzula,25
406,Bela,Bugar,341
406,Zuzana,Caputova,8856
406,Martin,Dano,162
406,Stefan,Harabin,5163
406,Eduard,Chmelar,1008
406,Marian,Kotleba,3805
406,Milan,Krajniak,793
406,Jozsef,Menyhart,6
406,Frantisek,Miklosko,1200
406,Robert,Mistrik,63
406,Maros,Sefcovic,8071
406,Robert,Svec,137
406,Bohumila,Tauchmannova,63
406,Juraj,Zabojnik,87
406,Ivan,Zuzula,60
502,Bela,Bugar,499
502,Zuzana,Caputova,7432
502,Martin,Dano,156
502,Stefan,Harabin,6897
502,Eduard,Chmelar,859
502,Marian,Kotleba,6332
502,Milan,Krajniak,819
502,Jozsef,Menyhart,6
502,Frantisek,Miklosko,1748
502,Robert,Mistrik,67
502,Maros,Sefcovic,8656
502,Robert,Svec,86
502,Bohumila,Tauchmannova,57
502,Juraj,Zabojnik,61
502,Ivan,Zuzula,81
503,Bela,Bugar,192
503,Zuzana,Caputova,6624
503,Martin,Dano,111
503,Stefan,Harabin,2144
503,Eduard,Chmelar,433
503,Marian,Kotleba,1837
503,Milan,Krajniak,586
503,Jozsef,Menyhart,3
503,Frantisek,Miklosko,2391
503,Robert,Mistrik,53
503,Maros,Sefcovic,2891
503,Robert,Svec,55
503,Bohumila,Tauchmannova,42
503,Juraj,Zabojnik,54
503,Ivan,Zuzula,36
505,Bela,Bugar,444
505,Zuzana,Caputova,13489
505,Martin,Dano,188
505,Stefan,Harabin,4940
505,Eduard,Chmelar,978
505,Marian,Kotleba,3413
505,Milan,Krajniak,758
505,Jozsef,Menyhart,6
505,Frantisek,Miklosko,1264
505,Robert,Mistrik,56
505,Maros,Sefcovic,7016
505,Robert,Svec,92
505,Bohumila,Tauchmannova,71
505,Juraj,Zabojnik,71
505,Ivan,Zuzula,62
506,Bela,Bugar,497
506,Zuzana,Caputova,17180
506,Martin,Dano,215
506,Stefan,Harabin,6532
506,Eduard,Chmelar,1587
506,Marian,Kotleba,4830
506,Milan,Krajniak,1056
506,Jozsef,Menyhart,6
506,Frantisek,Miklosko,1659
506,Robert,Mistrik,68
506,Maros,Sefcovic,8797
506,Robert,Svec,141
506,Bohumila,Tauchmannova,181
506,Juraj,Zabojnik,174
506,Ivan,Zuzula,92
509,Bela,Bugar,150
509,Zuzana,Caputova,2469
509,Martin,Dano,26
509,Stefan,Harabin,1041
509,Eduard,Chmelar,259
509,Marian,Kotleba,1070
509,Milan,Krajniak,178
509,Jozsef,Menyhart,2
509,Frantisek,Miklosko,209
509,Robert,Mistrik,19
509,Maros,Sefcovic,1827
509,Robert,Svec,26
509,Bohumila,Tauchmannova,19
509,Juraj,Zabojnik,20
509,Ivan,Zuzula,16
507,Bela,Bugar,338
507,Zuzana,Caputova,5442
507,Martin,Dano,140
507,Stefan,Harabin,3551
507,Eduard,Chmelar,411
507,Marian,Kotleba,4078
507,Milan,Krajniak,1042
507,Jozsef,Menyhart,5
507,Frantisek,Miklosko,5160
507,Robert,Mistrik,63
507,Maros,Sefcovic,3529
507,Robert,Svec,83
507,Bohumila,Tauchmannova,48
507,Juraj,Zabojnik,49
507,Ivan,Zuzula,28
510,Bela,Bugar,150
510,Zuzana,Caputova,4605
510,Martin,Dano,103
510,Stefan,Harabin,2466
510,Eduard,Chmelar,343
510,Marian,Kotleba,2366
510,Milan,Krajniak,506
510,Jozsef,Menyhart,4
510,Frantisek,Miklosko,2671
510,Robert,Mistrik,36
510,Maros,Sefcovic,2758
510,Robert,Svec,50
510,Bohumila,Tauchmannova,31
510,Juraj,Zabojnik,59
510,Ivan,Zuzula,47
508,Bela,Bugar,301
508,Zuzana,Caputova,8797
508,Martin,Dano,155
508,Stefan,Harabin,3964
508,Eduard,Chmelar,716
508,Marian,Kotleba,3650
508,Milan,Krajniak,841
508,Jozsef,Menyhart,6
508,Frantisek,Miklosko,2644
508,Robert,Mistrik,40
508,Maros,Sefcovic,4575
508,Robert,Svec,101
508,Bohumila,Tauchmannova,50
508,Juraj,Zabojnik,65
508,Ivan,Zuzula,39
501,Bela,Bugar,143
501,Zuzana,Caputova,3581
501,Martin,Dano,50
501,Stefan,Harabin,2264
501,Eduard,Chmelar,326
501,Marian,Kotleba,2227
501,Milan,Krajniak,275
501,Jozsef,Menyhart,2
501,Frantisek,Miklosko,720
501,Robert,Mistrik,21
501,Maros,Sefcovic,2828
501,Robert,Svec,37
501,Bohumila,Tauchmannova,25
501,Juraj,Zabojnik,29
501,Ivan,Zuzula,21
504,Bela,Bugar,185
504,Zuzana,Caputova,3476
504,Martin,Dano,82
504,Stefan,Harabin,3265
504,Eduard,Chmelar,420
504,Marian,Kotleba,2197
504,Milan,Krajniak,358
504,Jozsef,Menyhart,3
504,Frantisek,Miklosko,687
504,Robert,Mistrik,25
504,Maros,Sefcovic,3351
504,Robert,Svec,47
504,Bohumila,Tauchmannova,33
504,Juraj,Zabojnik,37
504,Ivan,Zuzula,17
511,Bela,Bugar,764
511,Zuzana,Caputova,28294
511,Martin,Dano,361
511,Stefan,Harabin,11793
511,Eduard,Chmelar,2282
511,Marian,Kotleba,7860
511,Milan,Krajniak,1567
511,Jozsef,Menyhart,8
511,Frantisek,Miklosko,4759
511,Robert,Mistrik,103
511,Maros,Sefcovic,14145
511,Robert,Svec,192
511,Bohumila,Tauchmannova,114
511,Juraj,Zabojnik,176
511,Ivan,Zuzula,119
601,Bela,Bugar,471
601,Zuzana,Caputova,23654
601,Martin,Dano,249
601,Stefan,Harabin,6084
601,Eduard,Chmelar,1503
601,Marian,Kotleba,4770
601,Milan,Krajniak,978
601,Jozsef,Menyhart,8
601,Frantisek,Miklosko,2016
601,Robert,Mistrik,91
601,Maros,Sefcovic,10059
601,Robert,Svec,135
601,Bohumila,Tauchmannova,80
601,Juraj,Zabojnik,91
601,Ivan,Zuzula,82
603,Bela,Bugar,326
603,Zuzana,Caputova,7795
603,Martin,Dano,113
603,Stefan,Harabin,3507
603,Eduard,Chmelar,691
603,Marian,Kotleba,3457
603,Milan,Krajniak,520
603,Jozsef,Menyhart,4
603,Frantisek,Miklosko,850
603,Robert,Mistrik,37
603,Maros,Sefcovic,5207
603,Robert,Svec,98
603,Bohumila,Tauchmannova,43
603,Juraj,Zabojnik,59
603,Ivan,Zuzula,57
606,Bela,Bugar,1613
606,Zuzana,Caputova,8445
606,Martin,Dano,134
606,Stefan,Harabin,2578
606,Eduard,Chmelar,482
606,Marian,Kotleba,2668
606,Milan,Krajniak,451
606,Jozsef,Menyhart,37
606,Frantisek,Miklosko,420
606,Robert,Mistrik,45
606,Maros,Sefcovic,4104
606,Robert,Svec,86
606,Bohumila,Tauchmannova,25
606,Juraj,Zabojnik,33
606,Ivan,Zuzula,30
607,Bela,Bugar,117
607,Zuzana,Caputova,2056
607,Martin,Dano,41
607,Stefan,Harabin,1396
607,Eduard,Chmelar,210
607,Marian,Kotleba,1572
607,Milan,Krajniak,242
607,Jozsef,Menyhart,2
607,Frantisek,Miklosko,157
607,Robert,Mistrik,20
607,Maros,Sefcovic,1988
607,Robert,Svec,47
607,Bohumila,Tauchmannova,22
607,Juraj,Zabojnik,15
607,Ivan,Zuzula,14
608,Bela,Bugar,917
608,Zuzana,Caputova,3376
608,Martin,Dano,57
608,Stefan,Harabin,1254
608,Eduard,Chmelar,242
608,Marian,Kotleba,1891
608,Milan,Krajniak,195
608,Jozsef,Menyhart,18
608,Frantisek,Miklosko,207
608,Robert,Mistrik,15
608,Maros,Sefcovic,2214
608,Robert,Svec,40
608,Bohumila,Tauchmannova,14
608,Juraj,Zabojnik,19
608,Ivan,Zuzula,20
609,Bela,Bugar,3539
609,Zuzana,Caputova,7010
609,Martin,Dano,143
609,Stefan,Harabin,2400
609,Eduard,Chmelar,431
609,Marian,Kotleba,3244
609,Milan,Krajniak,411
609,Jozsef,Menyhart,52
609,Frantisek,Miklosko,300
609,Robert,Mistrik,40
609,Maros,Sefcovic,3619
609,Robert,Svec,104
609,Bohumila,Tauchmannova,35
609,Juraj,Zabojnik,61
609,Ivan,Zuzula,34
610,Bela,Bugar,1516
610,Zuzana,Caputova,4414
610,Martin,Dano,63
610,Stefan,Harabin,1747
610,Eduard,Chmelar,282
610,Marian,Kotleba,2548
610,Milan,Krajniak,314
610,Jozsef,Menyhart,30
610,Frantisek,Miklosko,341
610,Robert,Mistrik,22
610,Maros,Sefcovic,2558
610,Robert,Svec,61
610,Bohumila,Tauchmannova,24
610,Juraj,Zabojnik,24
610,Ivan,Zuzula,23
604,Bela,Bugar,125
604,Zuzana,Caputova,3613
604,Martin,Dano,54
604,Stefan,Harabin,2117
604,Eduard,Chmelar,343
604,Marian,Kotleba,2136
604,Milan,Krajniak,352
604,Jozsef,Menyhart,3
604,Frantisek,Miklosko,517
604,Robert,Mistrik,23
604,Maros,Sefcovic,3211
604,Robert,Svec,63
604,Bohumila,Tauchmannova,17
604,Juraj,Zabojnik,21
604,Ivan,Zuzula,12
605,Bela,Bugar,135
605,Zuzana,Caputova,2664
605,Martin,Dano,66
605,Stefan,Harabin,1470
605,Eduard,Chmelar,253
605,Marian,Kotleba,2136
605,Milan,Krajniak,300
605,Jozsef,Menyhart,3
605,Frantisek,Miklosko,425
605,Robert,Mistrik,15
605,Maros,Sefcovic,1811
605,Robert,Svec,28
605,Bohumila,Tauchmannova,28
605,Juraj,Zabojnik,14
605,Ivan,Zuzula,13
611,Bela,Bugar,328
611,Zuzana,Caputova,12294
611,Martin,Dano,135
611,Stefan,Harabin,4073
611,Eduard,Chmelar,1029
611,Marian,Kotleba,2754
611,Milan,Krajniak,730
611,Jozsef,Menyhart,2
611,Frantisek,Miklosko,1175
611,Robert,Mistrik,39
611,Maros,Sefcovic,6265
611,Robert,Svec,108
611,Bohumila,Tauchmannova,57
611,Juraj,Zabojnik,68
611,Ivan,Zuzula,41
602,Bela,Bugar,86
602,Zuzana,Caputova,2514
602,Martin,Dano,35
602,Stefan,Harabin,1003
602,Eduard,Chmelar,162
602,Marian,Kotleba,1043
602,Milan,Krajniak,125
602,Jozsef,Menyhart,1
602,Frantisek,Miklosko,362
602,Robert,Mistrik,10
602,Maros,Sefcovic,1318
602,Robert,Svec,26
602,Bohumila,Tauchmannova,14
602,Juraj,Zabojnik,16
602,Ivan,Zuzula,11
612,Bela,Bugar,124
612,Zuzana,Caputova,3212
612,Martin,Dano,47
612,Stefan,Harabin,1659
612,Eduard,Chmelar,334
612,Marian,Kotleba,1955
612,Milan,Krajniak,285
612,Jozsef,Menyhart,3
612,Frantisek,Miklosko,601
612,Robert,Mistrik,20
612,Maros,Sefcovic,2364
612,Robert,Svec,31
612,Bohumila,Tauchmannova,19
612,Juraj,Zabojnik,27
612,Ivan,Zuzula,24
613,Bela,Bugar,304
613,Zuzana,Caputova,7509
613,Martin,Dano,85
613,Stefan,Harabin,2835
613,Eduard,Chmelar,504
613,Marian,Kotleba,2642
613,Milan,Krajniak,391
613,Jozsef,Menyhart,8
613,Frantisek,Miklosko,684
613,Robert,Mistrik,42
613,Maros,Sefcovic,4094
613,Robert,Svec,37
613,Bohumila,Tauchmannova,29
613,Juraj,Zabojnik,60
613,Ivan,Zuzula,43
701,Bela,Bugar,683
701,Zuzana,Caputova,7891
701,Martin,Dano,185
701,Stefan,Harabin,5210
701,Eduard,Chmelar,748
701,Marian,Kotleba,2635
701,Milan,Krajniak,1064
701,Jozsef,Menyhart,10
701,Frantisek,Miklosko,3263
701,Robert,Mistrik,58
701,Maros,Sefcovic,6307
701,Robert,Svec,95
701,Bohumila,Tauchmannova,82
701,Juraj,Zabojnik,104
701,Ivan,Zuzula,47
702,Bela,Bugar,344
702,Zuzana,Caputova,5595
702,Martin,Dano,200
702,Stefan,Harabin,4814
702,Eduard,Chmelar,570
702,Marian,Kotleba,2281
702,Milan,Krajniak,1108
702,Jozsef,Menyhart,9
702,Frantisek,Miklosko,1688
702,Robert,Mistrik,35
702,Maros,Sefcovic,5353
702,Robert,Svec,66
702,Bohumila,Tauchmannova,32
702,Juraj,Zabojnik,90
702,Ivan,Zuzula,34
705,Bela,Bugar,322
705,Zuzana,Caputova,702
705,Martin,Dano,29
705,Stefan,Harabin,871
705,Eduard,Chmelar,63
705,Marian,Kotleba,458
705,Milan,Krajniak,151
705,Jozsef,Menyhart,1
705,Frantisek,Miklosko,81
705,Robert,Mistrik,16
705,Maros,Sefcovic,1036
705,Robert,Svec,16
705,Bohumila,Tauchmannova,6
705,Juraj,Zabojnik,21
705,Ivan,Zuzula,1
709,Bela,Bugar,213
709,Zuzana,Caputova,2380
709,Martin,Dano,83
709,Stefan,Harabin,3052
709,Eduard,Chmelar,276
709,Marian,Kotleba,1006
709,Milan,Krajniak,355
709,Jozsef,Menyhart,3
709,Frantisek,Miklosko,592
709,Robert,Mistrik,13
709,Maros,Sefcovic,3055
709,Robert,Svec,36
709,Bohumila,Tauchmannova,16
709,Juraj,Zabojnik,44
709,Ivan,Zuzula,12
703,Bela,Bugar,198
703,Zuzana,Caputova,7210
703,Martin,Dano,101
703,Stefan,Harabin,4468
703,Eduard,Chmelar,385
703,Marian,Kotleba,3623
703,Milan,Krajniak,769
703,Jozsef,Menyhart,7
703,Frantisek,Miklosko,2553
703,Robert,Mistrik,38
703,Maros,Sefcovic,2866
703,Robert,Svec,60
703,Bohumila,Tauchmannova,44
703,Juraj,Zabojnik,42
703,Ivan,Zuzula,39
704,Bela,Bugar,118
704,Zuzana,Caputova,3638
704,Martin,Dano,91
704,Stefan,Harabin,2085
704,Eduard,Chmelar,247
704,Marian,Kotleba,1563
704,Milan,Krajniak,452
704,Jozsef,Menyhart,4
704,Frantisek,Miklosko,1372
704,Robert,Mistrik,19
704,Maros,Sefcovic,1866
704,Robert,Svec,32
704,Bohumila,Tauchmannova,16
704,Juraj,Zabojnik,18
704,Ivan,Zuzula,30
706,Bela,Bugar,402
706,Zuzana,Caputova,17476
706,Martin,Dano,181
706,Stefan,Harabin,7815
706,Eduard,Chmelar,1113
706,Marian,Kotleba,4359
706,Milan,Krajniak,1140
706,Jozsef,Menyhart,4
706,Frantisek,Miklosko,3124
706,Robert,Mistrik,56
706,Maros,Sefcovic,6434
706,Robert,Svec,100
706,Bohumila,Tauchmannova,58
706,Juraj,Zabojnik,107
706,Ivan,Zuzula,65
707,Bela,Bugar,900
707,Zuzana,Caputova,25463
707,Martin,Dano,389
707,Stefan,Harabin,9299
707,Eduard,Chmelar,1697
707,Marian,Kotleba,6304
707,Milan,Krajniak,2948
707,Jozsef,Menyhart,12
707,Frantisek,Miklosko,7924
707,Robert,Mistrik,125
707,Maros,Sefcovic,12148
707,Robert,Svec,190
707,Bohumila,Tauchmannova,94
707,Juraj,Zabojnik,137
707,Ivan,Zuzula,111
708,Bela,Bugar,241
708,Zuzana,Caputova,4517
708,Martin,Dano,104
708,Stefan,Harabin,2935
708,Eduard,Chmelar,436
708,Marian,Kotleba,3006
708,Milan,Krajniak,902
708,Jozsef,Menyhart,5
708,Frantisek,Miklosko,2579
708,Robert,Mistrik,41
708,Maros,Sefcovic,4708
708,Robert,Svec,74
708,Bohumila,Tauchmannova,17
708,Juraj,Zabojnik,52
708,Ivan,Zuzula,102
710,Bela,Bugar,202
710,Zuzana,Caputova,3925
710,Martin,Dano,97
710,Stefan,Harabin,3706
710,Eduard,Chmelar,426
710,Marian,Kotleba,2511
710,Milan,Krajniak,716
710,Jozsef,Menyhart,5
710,Frantisek,Miklosko,2085
710,Robert,Mistrik,28
710,Maros,Sefcovic,3686
710,Robert,Svec,48
710,Bohumila,Tauchmannova,43
710,Juraj,Zabojnik,51
710,Ivan,Zuzula,46
711,Bela,Bugar,217
711,Zuzana,Caputova,1825
711,Martin,Dano,21
711,Stefan,Harabin,1415
711,Eduard,Chmelar,178
711,Marian,Kotleba,829
711,Milan,Krajniak,371
711,Jozsef,Menyhart,3
711,Frantisek,Miklosko,488
711,Robert,Mistrik,10
711,Maros,Sefcovic,1849
711,Robert,Svec,36
711,Bohumila,Tauchmannova,26
711,Juraj,Zabojnik,56
711,Ivan,Zuzula,12
712,Bela,Bugar,488
712,Zuzana,Caputova,2271
712,Martin,Dano,70
712,Stefan,Harabin,2980
712,Eduard,Chmelar,379
712,Marian,Kotleba,1284
712,Milan,Krajniak,459
712,Jozsef,Menyhart,5
712,Frantisek,Miklosko,579
712,Robert,Mistrik,15
712,Maros,Sefcovic,2839
712,Robert,Svec,49
712,Bohumila,Tauchmannova,38
712,Juraj,Zabojnik,96
712,Ivan,Zuzula,39
713,Bela,Bugar,293
713,Zuzana,Caputova,5052
713,Martin,Dano,116
713,Stefan,Harabin,4715
713,Eduard,Chmelar,605
713,Marian,Kotleba,3655
713,Milan,Krajniak,1242
713,Jozsef,Menyhart,8
713,Frantisek,Miklosko,2133
713,Robert,Mistrik,44
713,Maros,Sefcovic,6375
713,Robert,Svec,90
713,Bohumila,Tauchmannova,78
713,Juraj,Zabojnik,58
713,Ivan,Zuzula,46
802,Bela,Bugar,427
802,Zuzana,Caputova,14537
802,Martin,Dano,153
802,Stefan,Harabin,3632
802,Eduard,Chmelar,803
802,Marian,Kotleba,1582
802,Milan,Krajniak,776
802,Jozsef,Menyhart,4
802,Frantisek,Miklosko,1628
802,Robert,Mistrik,34
802,Maros,Sefcovic,3654
802,Robert,Svec,60
802,Bohumila,Tauchmannova,27
802,Juraj,Zabojnik,37
802,Ivan,Zuzula,49
803,Bela,Bugar,415
803,Zuzana,Caputova,14777
803,Martin,Dano,167
803,Stefan,Harabin,4288
803,Eduard,Chmelar,891
803,Marian,Kotleba,1927
803,Milan,Krajniak,865
803,Jozsef,Menyhart,5
803,Frantisek,Miklosko,1900
803,Robert,Mistrik,38
803,Maros,Sefcovic,4495
803,Robert,Svec,64
803,Bohumila,Tauchmannova,31
803,Juraj,Zabojnik,66
803,Ivan,Zuzula,48
804,Bela,Bugar,145
804,Zuzana,Caputova,5083
804,Martin,Dano,62
804,Stefan,Harabin,1722
804,Eduard,Chmelar,342
804,Marian,Kotleba,711
804,Milan,Krajniak,309
804,Jozsef,Menyhart,1
804,Frantisek,Miklosko,566
804,Robert,Mistrik,10
804,Maros,Sefcovic,1856
804,Robert,Svec,19
804,Bohumila,Tauchmannova,27
804,Juraj,Zabojnik,22
804,Ivan,Zuzula,16
805,Bela,Bugar,424
805,Zuzana,Caputova,11153
805,Martin,Dano,150
805,Stefan,Harabin,3324
805,Eduard,Chmelar,608
805,Marian,Kotleba,1510
805,Milan,Krajniak,692
805,Jozsef,Menyhart,1
805,Frantisek,Miklosko,1403
805,Robert,Mistrik,29
805,Maros,Sefcovic,3972
805,Robert,Svec,44
805,Bohumila,Tauchmannova,34
805,Juraj,Zabojnik,38
805,Ivan,Zuzula,28
806,Bela,Bugar,1970
806,Zuzana,Caputova,15958
806,Martin,Dano,313
806,Stefan,Harabin,5824
806,Eduard,Chmelar,920
806,Marian,Kotleba,4892
806,Milan,Krajniak,1521
806,Jozsef,Menyhart,42
806,Frantisek,Miklosko,2254
806,Robert,Mistrik,65
806,Maros,Sefcovic,6561
806,Robert,Svec,132
806,Bohumila,Tauchmannova,72
806,Juraj,Zabojnik,82
806,Ivan,Zuzula,74
807,Bela,Bugar,2004
807,Zuzana,Caputova,9323
807,Martin,Dano,226
807,Stefan,Harabin,5930
807,Eduard,Chmelar,913
807,Marian,Kotleba,3426
807,Milan,Krajniak,1140
807,Jozsef,Menyhart,38
807,Frantisek,Miklosko,1470
807,Robert,Mistrik,60
807,Maros,Sefcovic,7755
807,Robert,Svec,91
807,Bohumila,Tauchmannova,75
807,Juraj,Zabojnik,76
807,Ivan,Zuzula,47
809,Bela,Bugar,168
809,Zuzana,Caputova,1463
809,Martin,Dano,55
809,Stefan,Harabin,1891
809,Eduard,Chmelar,185
809,Marian,Kotleba,971
809,Milan,Krajniak,354
809,Jozsef,Menyhart,3
809,Frantisek,Miklosko,362
809,Robert,Mistrik,14
809,Maros,Sefcovic,2107
809,Robert,Svec,15
809,Bohumila,Tauchmannova,21
809,Juraj,Zabojnik,35
809,Ivan,Zuzula,14
808,Bela,Bugar,1648
808,Zuzana,Caputova,7095
808,Martin,Dano,78
808,Stefan,Harabin,2176
808,Eduard,Chmelar,459
808,Marian,Kotleba,2552
808,Milan,Krajniak,571
808,Jozsef,Menyhart,19
808,Frantisek,Miklosko,293
808,Robert,Mistrik,22
808,Maros,Sefcovic,2793
808,Robert,Svec,72
808,Bohumila,Tauchmannova,27
808,Juraj,Zabojnik,41
808,Ivan,Zuzula,40
801,Bela,Bugar,129
801,Zuzana,Caputova,2388
801,Martin,Dano,60
801,Stefan,Harabin,1553
801,Eduard,Chmelar,217
801,Marian,Kotleba,1709
801,Milan,Krajniak,376
801,Jozsef,Menyhart,5
801,Frantisek,Miklosko,418
801,Robert,Mistrik,16
801,Maros,Sefcovic,2179
801,Robert,Svec,37
801,Bohumila,Tauchmannova,15
801,Juraj,Zabojnik,28
801,Ivan,Zuzula,31
810,Bela,Bugar,336
810,Zuzana,Caputova,10699
810,Martin,Dano,160
810,Stefan,Harabin,5084
810,Eduard,Chmelar,745
810,Marian,Kotleba,4630
810,Milan,Krajniak,1374
810,Jozsef,Menyhart,6
810,Frantisek,Miklosko,2516
810,Robert,Mistrik,53
810,Maros,Sefcovic,5881
810,Robert,Svec,100
810,Bohumila,Tauchmannova,31
810,Juraj,Zabojnik,66
810,Ivan,Zuzula,71
811,Bela,Bugar,2728
811,Zuzana,Caputova,8294
811,Martin,Dano,181
811,Stefan,Harabin,3914
811,Eduard,Chmelar,471
811,Marian,Kotleba,2990
811,Milan,Krajniak,1260
811,Jozsef,Menyhart,60
811,Frantisek,Miklosko,1391
811,Robert,Mistrik,35
811,Maros,Sefcovic,5609
811,Robert,Svec,59
811,Bohumila,Tauchmannova,39
811,Juraj,Zabojnik,92
811,Ivan,Zuzula,54
